#{"t_start": 1763070829.3985534, "env_id": "None"}
r,l,t
-18.965635,4,0.020005
-18.915684,33,0.075444
125.088247,99,0.23299
-18.953042,35,0.284251
-18.945443,44,0.350882
-18.958136,39,0.406272
-18.963811,29,0.453384
-18.930394,40,0.506552
-18.938508,31,0.556632
-18.965025,36,0.643602
-18.948842,40,0.770821
-18.965943,32,0.823715
-18.934701,48,0.900348
-18.961702,42,0.970456
-18.892525,38,1.020399
-18.956513,38,1.085358
-18.964884,42,1.15184
-18.934951,37,1.207932
-18.950961,45,1.265762
-18.962154,29,1.313454
-18.963408,29,1.422333
-18.961407,48,1.488326
-18.971666,43,1.562986
-18.944657,27,1.613853
-18.934675,42,1.671091
125.109813,97,1.82451
-18.933831,34,1.883453
-18.93446,42,1.948521
-18.961233,43,2.008628
-18.959038,28,2.109744
-18.967106,29,2.162387
-18.959799,33,2.209766
-18.946697,38,2.29092
-18.956591,57,2.393878
-18.915408,36,2.445004
-18.939057,42,2.506669
-18.929427,42,2.57069
-18.97,23,2.600325
-18.962821,37,2.649853
-18.926599,40,2.708254
-18.940643,47,2.84868
-18.937849,57,2.942252
-18.920435,39,3.009911
-18.960438,42,3.068964
-18.906734,50,3.148554
-18.912798,53,3.227207
-18.949164,27,3.267102
-18.951367,48,3.336374
-18.950907,43,3.402404
-18.938745,41,3.535814
-18.923936,36,3.593642
-18.950322,32,3.653603
-18.967746,46,3.724345
-18.878686,38,3.777275
-18.976496,41,3.843876
-18.947125,38,3.897452
-18.970215,31,3.947459
-18.944898,47,4.009199
-18.876914,39,4.070056
-18.932563,38,4.193171
-18.930289,48,4.282389
-18.93723,28,4.330999
-18.942188,44,4.451305
-18.920339,32,4.50196
-18.916361,42,4.563618
-18.952562,41,4.622688
101.0,1,4.624285
-18.956446,31,4.675639
-18.905805,40,4.728781
-18.932315,39,4.785863
-18.931214,28,4.826701
-18.919208,35,4.940055
-18.967594,31,4.993728
-18.953816,36,5.054439
-18.967358,30,5.108557
-18.949555,28,5.146743
-18.934908,31,5.188277
101.0,1,5.19001
-18.95306,29,5.238627
-18.924309,40,5.294956
-18.915826,38,5.351914
-18.961288,32,5.399262
-18.908842,40,5.457721
-18.968642,29,5.496636
-18.946679,40,5.623615
-18.972558,40,5.692096
-18.918531,40,5.766775
-18.976194,31,5.815028
-18.939023,45,5.880897
-18.947997,41,5.938236
-18.956763,32,5.985891
-18.947979,39,6.037478
-18.950767,42,6.09818
-18.916027,51,6.172234
-18.945711,26,6.270092
-18.96686,31,6.326799
-18.932938,42,6.40361
-18.951067,47,6.473545
-18.917797,38,6.553372
-18.958811,24,6.59833
-18.936946,62,6.692332
-18.944048,38,6.750807
-18.956405,41,6.807094
-18.982459,30,6.852579
-18.9696,43,6.976443
-18.989226,12,7.000772
-18.958277,42,7.0764
-18.950257,28,7.120605
-18.931514,29,7.168527
-18.943,31,7.210282
-18.963586,48,7.278671
-18.879572,24,7.314494
-18.937369,45,7.378448
-18.938523,38,7.434046
-18.962171,33,7.483106
123.145971,108,7.697865
-18.923074,37,7.766138
-18.952245,45,7.843112
-18.974945,33,7.892685
-18.956109,43,7.95544
-18.964123,33,8.003149
-18.938846,38,8.059677
-18.95971,37,8.112327
-18.980815,30,8.158258
-18.880221,79,8.326952
-18.935591,39,8.398525
125.085796,87,8.538281
-18.936806,46,8.612762
-18.912867,39,8.69383
-18.952431,42,8.778396
-18.935215,32,8.82828
-18.955578,21,8.855507
-18.955516,25,8.898118
-18.940039,36,9.01082
-18.946523,36,9.069382
-18.960578,39,9.143533
-18.954601,62,9.240859
-18.924201,49,9.305233
-18.924835,25,9.348086
-18.950771,42,9.405114
-18.979273,38,9.464271
-18.957827,33,9.512157
101.040772,28,9.5536
-18.91565,47,9.623188
-18.934067,34,9.751199
-18.942735,47,9.821091
-18.959342,45,9.902148
101.0,1,9.9039
-18.923624,51,9.982117
-18.940602,42,10.041523
-18.963999,29,10.089146
-18.933705,27,10.124619
-18.981956,30,10.167677
-18.96846,16,10.193689
-18.946131,49,10.259873
-18.953218,45,10.386594
-18.936161,49,10.466357
132.081168,54,10.546764
-18.956926,35,10.602442
-18.921198,36,10.66151
119.163291,84,10.778687
125.086546,90,10.937641
-18.96282,18,10.982148
-4.946126,37,11.104511
-18.907229,41,11.180125
-18.946186,46,11.254706
-7.907059,53,11.333323
-18.919031,37,11.386798
-18.915431,42,11.452255
-14.956845,24,11.482941
-18.947043,28,11.530221
-18.90041,26,11.563648
-18.896202,38,11.621969
-18.955336,21,11.656054
-6.889533,58,11.801002
-18.912282,21,11.850863
3.026107,30,11.894509
-18.908294,31,11.954302
-18.853397,30,12.002485
-18.89254,28,12.04912
-18.945718,15,12.069899
-18.867128,26,12.103623
-18.936909,43,12.168108
-18.98774,7,12.177116
-18.896362,33,12.221254
-2.867633,91,12.346674
-18.88797,34,12.463508
-18.906123,39,12.530425
-18.875664,43,12.585342
-18.892293,30,12.641822
-13.80216,55,12.725029
-18.896927,39,12.776484
-18.975289,14,12.799729
-18.879764,29,12.850311
-18.933554,29,12.8873
-18.905326,37,12.944643
-18.892059,34,12.992746
-18.938089,22,13.021148
-18.951212,20,13.162617
101.0,1,13.164678
-18.909793,44,13.235586
124.203363,72,13.349685
-18.894161,59,13.438097
-18.929266,16,13.463566
-18.88047,27,13.498734
-18.935386,34,13.546921
-18.912377,45,13.609625
101.0,1,13.611292
-5.897794,58,13.695841
-18.908244,42,13.817982
-18.90207,27,13.864327
-18.924792,28,13.905944
-18.843929,40,13.972637
-18.92151,27,14.01902
-18.974126,24,14.058779
-13.838278,53,14.125846
-18.93562,34,14.185261
-18.955308,38,14.243739
-18.897073,44,14.304374
101.0,1,14.305951
-18.924763,35,14.364639
-18.902813,38,14.486651
-18.945142,27,14.535576
129.186194,121,14.719136
-18.8492,33,14.769335
-18.973605,10,14.782354
-18.961018,15,14.82205
123.136167,96,14.986496
-18.935545,35,15.043337
-17.986422,24,15.073858
-18.958481,12,15.089369
101.0,1,15.090956
-18.920228,26,15.186978
-7.820753,74,15.300341
130.146362,89,15.445612
-18.882874,35,15.496747
-18.957661,24,15.532746
-18.930519,14,15.55096
-18.955104,46,15.61988
-18.9345,34,15.672282
-18.992003,13,15.689635
-18.915805,33,15.734094
-18.95341,17,15.763545
-18.873589,28,15.865898
-18.911681,26,15.915386
-18.907482,36,15.967457
-18.875151,32,16.025961
-18.89741,39,16.08163
-18.942491,38,16.141186
-14.934621,65,16.236485
-18.915545,38,16.285547
-18.953889,42,16.350935
-18.964395,42,16.409682
-18.919962,39,16.524454
-18.870128,25,16.567
-18.891387,25,16.601161
-18.952215,33,16.646298
-18.941564,39,16.713954
-18.933014,24,16.751135
120.050867,26,16.789791
-18.948958,30,16.834518
-18.983736,20,16.860021
-18.986486,7,16.873328
-18.912392,52,16.987929
-18.940654,39,17.047151
-18.909985,31,17.091571
-18.888779,32,17.141997
127.102305,92,17.333738
-18.916657,40,17.405928
101.0,1,17.408273
-18.929813,17,17.439391
101.0,1,17.441107
-18.91923,40,17.503891
-18.944573,34,17.551934
101.0,1,17.553508
-18.914054,48,17.62517
-18.931794,19,17.649493
-18.949936,33,17.701669
-18.977903,22,17.734984
-18.943061,30,17.77692
-18.993599,11,17.791945
-18.939811,38,17.908311
-18.922194,39,17.966834
-18.938327,16,17.998432
-18.909929,30,18.045343
131.128334,79,18.150455
-18.926136,40,18.20792
-18.928902,38,18.267268
-18.887406,41,18.32347
-18.927786,34,18.38311
-18.920927,42,18.441895
-18.978188,17,18.46917
101.0,1,18.470762
-18.927636,24,18.563141
-18.887875,34,18.62532
125.129448,109,18.783101
-18.91511,35,18.84125
-2.894912,67,18.936664
-18.92452,37,18.990441
-18.908157,26,19.040423
-18.965333,25,19.10088
3.105727,72,19.27661
-18.971196,40,19.346396
-18.958667,38,19.416377
-18.952282,36,19.487643
-18.907335,55,19.575506
-18.935153,35,19.622883
-18.913339,30,19.676668
-18.927313,35,19.724169
-18.921508,36,19.774778
-18.967823,46,19.839656
101.0,1,19.841247
-18.925588,36,19.964369
-18.961748,43,20.04629
-18.946505,34,20.125941
-18.957688,44,20.197124
-18.942533,29,20.239734
-18.953014,24,20.27032
-18.955645,51,20.340394
-18.931139,31,20.385012
-18.934005,32,20.433517
124.101204,107,20.649722
-18.956264,27,20.69948
124.061282,83,20.827565
-18.970391,60,20.922273
-18.962517,37,20.9807
-18.955438,49,21.046341
-18.931061,39,21.105777
124.113122,98,21.275105
-18.941563,44,21.410214
-18.97394,54,21.489495
101.0,1,21.491094
-18.94143,40,21.557689
-18.954492,37,21.610433
-18.953573,55,21.685201
-17.948557,62,21.774778
-18.972274,38,21.830112
-18.975769,39,21.889491
-18.90203,44,22.015808
-18.959319,49,22.101263
-18.960366,47,22.17263
101.0,1,22.174216
-18.958923,56,22.258234
-18.956067,47,22.328914
-18.928525,36,22.380757
-18.971574,8,22.391197
129.057923,97,22.527519
4.097574,86,22.715457
124.090948,93,22.867449
128.039374,88,22.99046
-18.982214,33,23.03926
101.0,1,23.040938
-18.928915,35,23.096599
144.027872,84,23.252821
-18.941659,28,23.300318
-18.952032,36,23.421443
-18.965203,44,23.486722
-18.925538,35,23.547405
-18.928001,45,23.606542
-18.985013,31,23.657569
-18.938734,38,23.70788
101.0,1,23.709469
-18.956783,32,23.765658
101.0,1,23.767394
-18.945361,40,23.829189
-18.954258,35,23.874876
-18.917959,47,23.943972
-18.969988,57,24.09076
-18.940694,44,24.150442
-18.93943,37,24.211103
-18.946099,35,24.265888
-18.943734,48,24.335985
-18.96509,9,24.347757
-18.945602,44,24.409749
101.0,1,24.411339
-18.965486,41,24.474699
101.0,1,24.476526
-18.936994,29,24.519493
127.092849,102,24.722964
124.099348,87,24.859579
-18.959143,23,24.901257
101.0,1,24.902889
-18.967582,45,24.972481
-17.0,11,24.986836
-18.976816,34,25.045155
101.0,1,25.047065
-18.95108,54,25.121623
101.0,1,25.123202
-18.916953,70,25.252365
-18.978737,11,25.278055
-18.95889,46,25.412028
129.031366,31,25.45782
-17.96888,60,25.552222
-18.947946,41,25.619776
-18.994179,16,25.642227
101.0,1,25.643944
-18.950947,36,25.70186
-1.988979,63,25.781814
-18.949658,39,25.84163
-18.962416,37,25.893376
-18.957114,59,25.97792
130.049996,61,26.129689
-16.957199,76,26.243458
-18.964138,61,26.330856
-18.995061,38,26.389158
-18.995535,19,26.418964
-18.9496,63,26.511763
101.003423,8,26.521943
-18.931204,34,26.57501
-18.987905,39,26.627919
-18.933279,69,26.79616
-18.990696,17,26.826452
-18.950397,42,26.897946
-18.963392,42,26.959419
-18.971419,43,27.024023
-13.904489,53,27.092417
121.069993,122,27.260628
-18.94664,47,27.442679
-18.93869,42,27.520087
-18.960515,34,27.58322
-18.958827,37,27.634758
-18.947024,38,27.69197
-18.914318,61,27.779205
-18.905375,39,27.83943
-18.935411,55,27.91553
-18.984207,30,27.95868
-18.953728,29,27.997552
-18.935916,57,28.137291
-18.957731,40,28.19945
-18.939305,36,28.264575
-18.921821,44,28.326351
-18.89394,33,28.383883
127.089056,99,28.520553
-18.942596,44,28.588717
-18.960013,48,28.652586
-18.951704,41,28.770482
-18.892276,46,28.851564
-8.923199,52,28.936039
-18.955493,28,28.980721
-18.951877,28,29.019192
-18.936373,48,29.088282
125.09302,130,29.274508
-18.934663,43,29.400078
123.04895,98,29.56225
-18.908058,42,29.644672
-18.939575,67,29.743885
101.0,1,29.745475
128.081824,111,29.897521
-18.943094,53,29.975884
-18.932437,52,30.111861
-18.946872,39,30.180541
-18.951501,34,30.237583
-18.937872,22,30.272531
127.026026,30,30.313325
-18.957725,43,30.380373
-18.944236,49,30.446336
101.0,1,30.448101
-18.944879,31,30.502397
101.0,1,30.504115
-18.977151,29,30.548671
101.008937,15,30.574213
-18.970767,29,30.618369
125.049938,123,30.847128
121.089921,98,30.98948
-18.949349,42,31.055532
-18.95597,40,31.111738
101.0,1,31.113322
-18.940833,46,31.183018
-18.922939,30,31.228455
-18.943659,62,31.380085
-18.946334,55,31.485152
101.0,1,31.487138
-18.994094,27,31.533199
-18.971051,45,31.598223
147.038007,59,31.673665
-18.973467,48,31.785479
145.058317,113,31.953049
-18.986223,30,31.997859
-18.95709,33,32.100114
-18.964987,50,32.176465
-18.94789,47,32.253137
-18.956459,28,32.295569
-18.976587,55,32.374209
-18.982796,28,32.416113
-18.973599,69,32.510301
-18.974703,30,32.558642
-18.949106,29,32.598174
-18.95418,42,32.654696
-18.93918,47,32.794335
101.0,1,32.796058
-18.930161,50,32.88189
-18.9282,33,32.934156
-18.967166,37,32.988114
101.0,1,32.98972
-18.965018,48,33.057144
-18.953667,29,33.09954
131.065595,112,33.250216
127.040161,113,33.475937
-18.981742,39,33.542572
-18.954331,42,33.614096
-18.975755,31,33.661482
-18.987608,43,33.722958
-18.947085,41,33.782256
-18.970685,23,33.832031
-18.947346,35,33.903761
144.054074,112,34.119519
-18.967635,39,34.184241
-18.965132,39,34.235587
-18.949675,79,34.354591
133.047703,77,34.468652
-18.941931,30,34.513304
-18.973765,39,34.570431
-18.943891,45,34.633625
-18.986376,58,34.785547
-18.972382,41,34.851893
-18.974276,59,34.939435
126.029238,111,35.092107
-18.98242,39,35.155983
101.0,1,35.157589
-18.976781,64,35.252197
125.022282,105,35.476708
-18.950369,81,35.603456
-18.955607,42,35.670138
137.030522,56,35.741585
-18.993066,39,35.804068
-18.974901,17,35.826486
116.034405,119,36.085311
-18.969183,51,36.167535
127.039565,112,36.331721
124.026093,110,36.491848
-18.993069,32,36.540657
-18.972806,48,36.60971
-18.996632,34,36.65342
-18.97859,70,36.822148
-18.988628,51,36.907952
101.0,1,36.909674
-18.991879,35,36.961703
-18.983275,46,37.028245
101.0,1,37.029852
128.034539,106,37.177791
-18.961488,48,37.250713
130.025941,142,37.510087
129.011973,137,37.719307
-13.98369,75,37.826595
128.051364,122,38.075378
-18.984141,54,38.182514
-18.968968,38,38.24475
101.0,1,38.246592
127.019858,107,38.394671
10.055476,124,38.570589
-18.983057,41,38.629843
-18.997518,15,38.7122
150.118164,83,38.840225
128.024927,111,39.012793
128.052737,111,39.169638
-18.952918,40,39.233849
-18.959174,47,39.358137
-18.957686,45,39.433556
-18.958547,47,39.503921
-18.955073,46,39.577919
-18.966383,42,39.643563
-18.860191,50,39.708696
-18.98686,66,39.801771
-18.998389,24,39.837896
-18.941961,24,39.868996
-18.952406,36,39.919858
-18.968382,73,40.086127
-18.959675,50,40.175547
-18.951505,53,40.268221
-18.989588,12,40.30496
-18.973594,46,40.387917
-18.950435,40,40.444995
-18.936991,52,40.518897
-18.948415,54,40.592887
-18.938779,42,40.718506
-18.941157,39,40.780585
-18.956312,45,40.852315
-18.933426,49,40.921514
-18.98939,34,40.976333
-18.958658,55,41.056403
-18.884719,53,41.125692
-18.93884,41,41.185937
-18.942364,39,41.241974
-3.937237,125,41.472781
-18.968626,42,41.538551
-18.977096,23,41.569341
-18.944355,36,41.621114
-18.95602,47,41.681144
-18.961794,38,41.742936
132.035804,105,41.888246
-18.938848,32,41.995839
-18.961868,35,42.065589
125.095861,95,42.203955
-18.984763,45,42.274302
1.02403,83,42.392606
-18.981611,36,42.491986
113.035282,128,42.733671
129.04934,107,42.909609
-18.973899,58,42.995252
-18.944289,39,43.050134
-18.962784,73,43.15316
126.056045,116,43.371477
128.028468,93,43.513614
-18.974096,27,43.560209
-18.97362,7,43.569493
-18.992566,30,43.61146
101.0,1,43.613183
-18.970738,40,43.679693
-11.946492,35,43.727365
119.100646,109,43.876136
-18.989985,48,44.004357
-18.989039,42,44.07566
-18.978984,29,44.11885
101.0,1,44.120572
-18.916175,74,44.244825
131.022729,107,44.395735
-5.983068,66,44.493052
-18.956301,48,44.600174
-18.99131,17,44.628037
-18.976684,87,44.835014
134.065301,94,44.977473
-18.976008,65,45.071279
-18.910238,44,45.137474
-18.948868,30,45.180958
-18.972973,49,45.251172
126.076164,132,45.496044
-5.970154,123,45.679774
125.040344,113,45.830531
128.049353,116,46.055427
131.025853,81,46.185061
131.02304,91,46.315708
135.06077,97,46.451971
129.038861,82,46.628365
-18.974224,50,46.702906
-18.984998,40,46.805136
101.0,1,46.808074
-19.0,48,46.90026
-18.0,24,46.931078
-18.939748,24,46.961899
116.081827,100,47.106099
126.05099,123,47.336468
-18.967015,49,47.41753
146.03424,97,47.55712
-18.969089,34,47.60728
101.0,1,47.608899
129.107171,81,47.728101
-18.963516,46,47.793212
-18.96125,16,47.813573
-18.929106,33,47.86142
133.087328,102,48.063427
131.121298,94,48.201023
125.070952,99,48.340108
-18.954268,35,48.397063
-18.97593,23,48.4265
-18.982169,35,48.476812
130.074427,95,48.666754
-18.948342,60,48.769043
-18.969799,25,48.809261
-18.966726,16,48.835795
-18.975081,56,48.909933
-18.957648,41,48.972852
131.086639,134,49.209574
129.143687,108,49.438557
-18.937955,24,49.47683
-18.963628,22,49.513381
125.084338,93,49.643709
125.148783,123,49.825723
-18.956225,27,49.866348
136.066572,111,50.09042
127.101777,117,50.262962
-18.971933,67,50.355169
163.088234,111,50.508255
128.156975,118,50.750788
-18.957703,40,50.817839
-18.963906,32,50.859904
-18.965364,33,50.904757
-18.961282,16,50.930545
-18.909955,54,50.999989
129.102783,101,51.143458
127.139651,111,51.432676
122.133033,100,51.580521
126.175144,98,51.722699
-18.932469,33,51.771079
-18.994801,12,51.786664
-18.934962,43,51.847087
101.015095,5,51.854218
129.084745,109,52.086723
127.129225,139,52.283629
-18.893509,34,52.333529
-18.980979,15,52.357565
135.124131,123,52.587178
-18.977248,29,52.639632
-18.905601,33,52.699129
-18.957542,32,52.744868
101.0,1,52.746717
-18.92826,45,52.819154
-18.943565,45,52.881749
127.135316,97,53.020689
-18.974372,30,53.065668
-18.935579,43,53.12932
-18.92772,30,53.173253
-18.951058,35,53.280731
-18.947985,28,53.34328
131.088628,99,53.514331
-18.916744,44,53.582888
-18.971623,23,53.613206
-18.973816,13,53.630073
-18.937988,48,53.696456
-18.88487,43,53.752388
-18.967355,35,53.804239
128.06765,97,54.005486
-18.948038,39,54.062847
101.0,1,54.064437
130.105079,111,54.227903
126.126218,100,54.367403
-18.956888,38,54.422459
152.072274,111,54.640732
132.127893,117,54.816152
128.118463,116,54.976451
-18.951233,47,55.048191
-18.952441,32,55.094327
101.0,1,55.09592
127.097273,114,55.330667
-18.916242,41,55.395548
-18.983025,14,55.414799
-18.929987,37,55.468104
127.124911,98,55.653857
-18.96219,17,55.683141
-18.950467,16,55.703783
-18.95951,8,55.714296
125.078275,97,55.915595
133.043053,102,56.075528
132.169032,116,56.241871
129.070356,113,56.39695
127.040354,102,56.610135
-18.980933,54,56.699844
127.085826,104,56.858012
135.084929,102,57.001243
129.048556,108,57.218494
126.069436,107,57.381003
131.023033,104,57.53508
120.081635,94,57.666239
128.129533,96,57.899648
-18.954777,47,57.981122
101.0,1,57.982979
-18.98552,26,58.034806
-18.955656,42,58.090992
101.0,1,58.092627
-18.95205,45,58.162123
121.072077,98,58.29714
131.06886,95,58.429682
-18.967229,37,58.548123
-18.980929,31,58.596722
101.0,1,58.598324
124.078219,99,58.76048
125.061051,113,58.925996
130.073566,100,59.068435
-18.984579,44,59.137605
-18.90156,60,59.278883
128.087095,113,59.44282
-18.955509,36,59.500229
143.065341,131,59.680117
-18.937316,42,59.741003
119.113801,151,60.065682
-18.954742,24,60.104801
101.0,1,60.106444
132.065441,109,60.264784
133.084398,108,60.413586
127.097056,137,60.688538
131.099399,121,60.864761
-18.947528,30,60.913788
-18.967921,63,60.999337
129.068226,118,61.226397
-18.947688,34,61.283063
-18.993222,14,61.302279
-18.931986,49,61.383109
131.06437,125,61.557298
-18.966632,41,61.616136
101.0,1,61.61778
126.108401,99,61.759213
-18.966692,57,61.918422
-18.926272,33,61.969055
131.081791,121,62.183323
-18.967656,33,62.24531
-18.974945,33,62.289756
-18.954042,48,62.358597
-18.924629,50,62.432306
-18.971549,29,62.536524
-18.957743,52,62.608619
-18.967917,52,62.698241
-18.961389,37,62.763214
-18.963877,22,62.793193
-18.975124,90,62.912757
-18.944435,52,62.988972
-18.943327,42,63.048206
132.059836,115,63.269874
-18.945544,16,63.301611
-18.972678,20,63.336068
-18.951077,37,63.392566
-18.958754,38,63.449904
-18.915453,29,63.489124
131.081826,118,63.651823
-18.962431,48,63.719579
-18.945835,43,63.847001
-18.969932,48,63.918359
133.068824,132,64.142573
-18.967847,38,64.209101
129.033374,118,64.369326
-18.906813,36,64.431733
131.031579,115,64.662982
-18.963996,32,64.720396
-18.969562,59,64.802626
140.057942,112,64.955215
129.031952,96,65.088903
128.025983,124,65.349279
-18.979645,31,65.404768
8.068887,103,65.541106
130.077273,99,65.680458
130.03075,115,65.903332
131.053876,112,66.077564
-18.970181,16,66.104569
131.032933,110,66.262763
129.04129,120,66.53596
-18.966313,56,66.642516
134.064542,119,66.812637
-18.970976,46,66.882481
101.0,1,66.88431
-18.977781,54,66.964377
-18.925006,46,67.027805
126.068606,125,67.261269
136.077616,104,67.417771
-18.90781,53,67.497448
127.067624,118,67.658364
130.126532,114,67.888911
127.107532,100,68.049562
-18.92586,42,68.110577
-18.954432,41,68.173347
-18.966658,31,68.212693
-6.921725,93,68.34335
-18.97165,30,68.444489
-18.956966,43,68.51132
136.052225,118,68.718823
-18.934744,88,68.851201
129.049049,93,68.982724
-18.969699,48,69.050385
123.049771,134,69.313214
128.092717,84,69.432022
129.107458,103,69.573814
-18.955427,31,69.6197
149.075059,113,69.845469
123.076587,99,70.000783
128.085254,128,70.177791
-18.990524,33,70.232311
146.088889,112,70.443939
-18.936279,23,70.481634
136.088929,135,70.708285
130.081845,118,70.883881
-18.981057,37,70.943128
131.07833,98,71.144996
-18.96971,44,71.220197
-18.966006,22,71.254176
185.050444,120,71.428946
-18.971206,54,71.503754
125.055507,122,71.735643
-18.977921,63,71.831277
-18.991713,8,71.842442
131.028723,123,72.018202
-18.972965,56,72.101143
-18.922298,46,72.169643
129.05306,124,72.399543
133.047921,114,72.579839
-18.935884,45,72.654913
130.056227,127,72.861996
128.061469,109,73.08566
-18.99632,51,73.182544
129.023643,89,73.315254
-18.992962,32,73.36263
129.025979,112,73.516876
132.029522,146,73.793169
-18.993956,47,73.874655
130.0643,91,74.009201
-18.987706,41,74.07312
-18.99047,29,74.110074
117.008169,83,74.225081
127.033828,101,74.440415
-18.988014,23,74.484049
128.027814,95,74.654079
127.021592,80,74.790007
129.034848,110,74.95068
-18.983803,40,75.012175
131.037555,100,75.218666
131.054535,103,75.377053
-18.983989,33,75.430995
123.057946,123,75.593083
-18.989021,32,75.64571
141.021376,116,75.871058
128.016156,115,76.036961
-18.980094,45,76.105627
127.020074,122,76.271145
131.034113,97,76.47634
-18.963202,48,76.556273
130.061031,125,76.731719
-18.966419,32,76.810238
101.0,2,76.815801
129.042664,140,77.086398
135.012683,107,77.251098
-18.995687,43,77.320505
-18.987924,13,77.337097
-18.975413,37,77.394142
-18.934893,26,77.428128
101.0,1,77.429791
-18.971753,42,77.49726
-18.999035,63,77.578286
-18.0,20,77.609675
145.039455,104,77.817322
130.029065,110,77.981745
127.023752,100,78.125905
126.051938,102,78.269134
128.02272,116,78.505433
-18.964696,45,78.578381
119.070329,94,78.70493
123.057466,103,78.848689
132.027734,95,79.099912
125.035041,104,79.266474
129.048155,100,79.406622
-18.986133,24,79.449183
-18.977483,25,79.481271
-18.982798,42,79.545356
-18.9795,39,79.594987
-18.994021,17,79.617496
142.017256,123,79.867175
128.040531,107,80.016583
129.019818,114,80.172396
129.009499,111,80.396607
131.011593,123,80.583576
126.022798,90,80.711612
-19.0,41,80.77658
131.00193,107,80.981536
128.041557,94,81.161253
-18.999975,25,81.209474
101.0,1,81.211359
128.007698,107,81.369385
125.027668,103,81.516614
-18.980758,48,81.58953
157.013497,99,81.80273
-18.996282,28,81.847123
121.006909,100,81.985742
131.010127,84,82.110733
-18.992038,49,82.179867
130.013173,111,82.399218
127.013525,110,82.572182
-18.975937,48,82.646292
147.015789,91,82.767932
124.035665,81,82.882678
133.012984,102,83.124341
127.031522,102,83.289391
128.00274,91,83.419779
-18.991943,41,83.478794
101.0,1,83.480386
128.006087,103,83.68689
120.025894,93,83.840516
130.005979,108,83.989098
-18.978495,26,84.030865
121.010341,118,84.200008
131.004305,116,84.441923
-18.989578,46,84.518325
154.008831,109,84.665104
122.015662,103,84.814233
-18.989585,42,84.874312
32.008455,94,85.06915
129.000274,120,85.281728
130.0,119,85.45296
129.000007,118,85.682525
128.017909,131,85.890531
128.005954,143,86.088831
-18.988747,45,86.158119
139.00798,130,86.422812
-19.0,23,86.46695
128.018942,108,86.616878
-19.0,53,86.695647
-18.999686,57,86.774299
-18.990606,60,86.861354
132.011461,120,87.106457
-19.0,49,87.189533
101.0,1,87.191119
-19.0,46,87.262455
-18.992689,23,87.292424
101.0,1,87.294064
-18.992187,49,87.368931
101.0,1,87.370515
-19.0,40,87.456273
-19.0,26,87.506341
138.004094,115,87.732639
130.0,116,87.902258
-19.0,43,87.968884
129.002928,124,88.131815
-18.998931,64,88.289354
-19.0,82,88.414853
-18.992391,45,88.492108
132.008956,102,88.630919
-18.972676,31,88.679344
-18.984384,52,88.753004
120.004671,149,89.019219
-18.994872,50,89.102408
-18.993307,19,89.126487
139.004387,135,89.313319
132.002342,109,89.471591
-18.997845,43,89.654879
101.0,1,89.656602
131.00519,130,89.866183
134.007825,119,90.034352
-18.992043,36,90.08676
152.008304,134,90.326339
131.008247,125,90.530921
129.020317,127,90.71312
-18.983896,64,90.807376
-18.987975,36,90.858951
-18.996368,57,91.005479
-18.970085,36,91.05331
130.028806,127,91.238544
-18.995781,56,91.321942
-18.997332,36,91.373107
130.009367,126,91.607932
131.028416,112,91.802303
-18.986811,44,91.877434
131.021256,125,92.041375
130.006467,121,92.268595
135.026172,123,92.45664
-18.99322,72,92.559479
-18.998681,50,92.635649
-18.999349,79,92.750445
132.016583,118,92.987376
-18.980914,49,93.067277
-19.0,47,93.133042
131.009301,123,93.302328
-19.0,61,93.392142
-18.99722,49,93.522233
126.020644,118,93.689597
130.017619,103,93.844172
134.014902,110,93.995581
131.005374,120,94.272313
130.016624,104,94.42529
129.025921,88,94.54861
131.025178,106,94.699226
130.004637,138,94.967944
129.012456,106,95.133733
-18.997901,42,95.194378
138.015177,109,95.344787
128.017661,110,95.556914
129.002774,151,95.784976
-18.991576,48,95.853024
-18.992918,20,95.879013
136.026289,97,96.013343
128.019816,139,96.31529
-18.999577,46,96.384641
-18.976029,57,96.471256
-19.0,52,96.548865
131.019766,135,96.791841
131.022123,113,96.958552
-18.994903,47,97.032605
146.003356,134,97.216956
-18.992687,47,97.283967
-19.0,57,97.43273
-19.0,56,97.523568
130.010897,127,97.709364
130.000095,115,97.872837
131.012139,114,98.094992
136.015463,120,98.289427
131.000687,112,98.486319
130.018645,116,98.656713
130.00269,112,98.881366
127.014255,119,99.053327
-19.0,45,99.117381
101.0,1,99.119174
130.008953,117,99.284405
-18.999049,35,99.338134
-18.992797,18,99.430591
-19.0,43,99.508425
128.008592,150,99.727169
130.009627,114,99.884711
-18.998436,56,99.969963
133.019365,118,100.211009
132.004035,112,100.378236
131.022959,136,100.605421
132.005557,134,100.856136
-18.98643,51,100.940262
-19.0,68,101.038045
130.000695,119,101.200953
-19.0,62,101.292011
133.001799,133,101.566665
128.001421,109,101.722443
-18.991399,44,101.79124
129.015999,115,101.948053
-18.997867,34,102.058229
131.013018,109,102.23167
129.009339,102,102.374695
131.006234,121,102.548563
131.003835,122,102.822358
129.003562,118,102.997559
-18.985021,18,103.027452
-18.992149,30,103.078036
131.004714,142,103.265846
-18.995342,45,103.396711
128.007607,131,103.590724
128.0,128,103.778619
-18.997196,34,103.8341
101.0,1,103.836248
-18.997305,38,103.891262
127.020629,143,104.163059
128.002751,128,104.358196
130.004899,110,104.511042
128.012856,125,104.758256
131.019556,119,104.96954
-18.982723,49,105.044016
-18.990833,39,105.099115
131.003084,117,105.263474
-18.977334,34,105.375175
128.00857,134,105.578836
128.002879,121,105.745708
130.005287,135,105.994286
130.000155,126,106.187732
131.012732,122,106.360984
132.01302,118,106.523991
126.010665,109,106.748632
125.012356,118,106.959292
-18.992571,45,107.033106
134.0,120,107.201621
128.0,120,107.447987
130.017675,107,107.608122
130.007568,116,107.774415
133.003816,116,107.996994
-18.991528,51,108.089459
101.0,1,108.091247
129.007364,100,108.238837
130.013514,126,108.420733
-18.99961,49,108.494905
-18.984718,47,108.558167
132.030778,98,108.766045
132.01101,110,108.937036
122.006809,106,109.124704
-18.991148,41,109.189093
137.010181,90,109.376868
-18.992268,45,109.459481
143.012652,118,109.623636
-18.996382,51,109.701102
132.002926,110,109.848245
-18.992381,31,109.899789
-18.98803,52,110.029937
101.0,1,110.032154
-18.987871,56,110.12056
134.003,101,110.268558
132.033958,115,110.427187
-18.995946,40,110.489858
-18.989911,47,110.615936
131.02533,130,110.820035
132.014846,133,111.00787
-19.0,54,111.083977
129.020949,115,111.382632
-18.971619,41,111.456181
121.036011,127,111.633359
-18.993238,43,111.699887
101.0,1,111.701478
127.010537,107,111.849765
131.019184,122,112.088451
128.005501,124,112.274379
126.024569,100,112.416208
-18.989985,35,112.472903
126.010755,117,112.702156
-19.0,33,112.755486
130.004061,124,112.937245
126.06466,97,113.082948
129.020789,116,113.308036
130.043342,118,113.554849
128.042788,114,113.713017
132.010016,104,113.862279
129.008205,98,114.074334
130.01855,123,114.263547
12.009998,108,114.418858
-18.994105,32,114.466468
126.035837,120,114.69558
132.007322,103,114.859507
-18.981014,53,114.934219
-7.95595,33,114.983008
130.011323,114,115.141
132.023879,108,115.362298
129.057761,124,115.547235
-18.939187,31,115.621075
156.0218,119,115.796863
-18.973715,44,115.865052
123.032749,143,116.136175
132.004064,112,116.300125
127.043297,134,116.48226
-18.969575,58,116.634169
-18.998109,66,116.746012
-18.983959,57,116.847194
-18.97916,60,116.935905
-18.987859,34,116.984931
-18.980227,60,117.069328
-18.991598,57,117.153379
-18.993112,34,117.2017
-18.986951,40,117.319364
-18.976091,36,117.386
-18.994251,60,117.486507
-18.989207,61,117.574447
-18.982968,36,117.626229
-18.992312,64,117.715264
-18.986394,44,117.777133
-18.980958,63,117.865985
133.015516,111,118.145572
-19.0,59,118.242444
-18.993667,54,118.317388
129.041451,147,118.520488
-18.989338,32,118.571406
-18.999284,44,118.694123
129.034684,132,118.881228
-18.964378,40,118.948321
-18.983477,45,119.014925
173.020828,106,119.155939
-18.988917,58,119.302067
129.018906,111,119.484899
130.019459,120,119.650236
128.03471,106,119.804708
-18.983424,57,119.948822
131.042872,106,120.136676
128.024404,110,120.319225
-18.981312,30,120.364578
141.016678,121,120.530231
-18.997601,70,120.691033
128.027621,111,120.868006
-18.982336,58,120.952718
129.023905,113,121.107685
-18.998182,80,121.279967
128.011838,104,121.447424
133.0,109,121.602871
123.007953,110,121.762728
127.002218,111,121.983445
-18.987734,32,122.037244
130.037023,109,122.199402
-18.990505,22,122.234677
101.0,1,122.236319
131.012749,114,122.442616
131.021805,109,122.655878
130.0,109,122.8276
130.012335,118,122.998694
130.014505,112,123.153496
128.018696,139,123.431351
128.006903,118,123.601211
132.001029,107,123.756518
130.02127,113,123.976935
-19.0,45,124.045847
177.01767,120,124.221432
128.004702,111,124.379746
-18.996275,46,124.445824
-19.0,28,124.481639
131.023951,115,124.813162
-18.981704,47,124.888246
101.0,1,124.889872
130.011386,110,125.046751
-19.0,66,125.137493
156.003216,111,125.352576
131.012325,125,125.552166
-19.0,50,125.627787
-18.994828,33,125.67535
-19.0,58,125.757028
-19.0,84,125.874583
132.01782,126,126.128629
-18.995928,60,126.214731
130.0,115,126.38162
131.012775,103,126.526415
130.023164,106,126.755276
-18.986922,43,126.856402
-17.980905,52,126.940809
127.003756,87,127.064608
-18.994567,33,127.11377
133.016132,105,127.327648
-18.996149,47,127.412197
128.020484,115,127.587713
132.003932,110,127.742567
131.009514,100,127.886493
133.010324,113,128.099711
-18.996472,48,128.179056
132.007632,114,128.335293
131.00566,103,128.485391
134.0,116,128.732802
132.003369,94,128.877392
129.015983,109,129.069279
132.016038,94,129.216905
-18.993675,43,129.343485
-18.97126,19,129.370109
128.015356,111,129.54652
130.002299,90,129.673368
130.004925,91,129.80118
129.015281,98,130.008675
-19.0,32,130.057907
-19.0,9,130.070302
-19.0,44,130.142022
133.0,124,130.305713
-18.994848,36,130.364901
119.002862,133,130.600345
-18.994226,37,130.657808
-18.990776,17,130.688711
101.0,1,130.690789
129.00485,116,130.862836
131.002715,104,131.013644
-18.996567,45,131.077516
179.020309,129,131.364207
129.007872,121,131.552088
-19.0,49,131.62266
-19.0,14,131.64612
-19.0,21,131.673201
160.000885,110,131.819374
131.016784,116,132.064188
129.005195,121,132.238716
-18.991498,50,132.314321
129.023198,114,132.470716
127.022444,115,132.705652
129.005328,130,132.898147
130.019457,109,133.055816
-18.998249,62,133.147025
129.011146,117,133.410513
127.024696,112,133.578358
127.022466,119,133.740875
132.0,117,133.970866
130.010673,111,134.140882
129.006437,123,134.3145
130.004244,110,134.528761
128.026027,98,134.691645
126.019576,116,134.853267
128.001787,114,135.01901
128.011732,140,135.328972
-18.980236,51,135.418575
101.0,1,135.420987
132.010925,118,135.589488
129.017734,127,135.768586
129.021288,133,136.022152
131.029747,146,136.238244
-18.965395,60,136.326433
-18.977312,68,136.427301
-18.997739,57,136.569701
-18.979205,56,136.664789
-18.985493,52,136.750716
-18.999372,62,136.83572
-19.0,40,136.898549
127.03574,127,137.072323
125.023054,150,137.410431
128.004684,126,137.586777
-19.0,44,137.654403
130.0,127,137.89146
131.019831,95,138.044616
-18.99998,45,138.108943
-19.0,22,138.14191
135.044156,125,138.307075
130.002152,114,138.524216
-18.987736,51,138.618318
131.066984,123,138.802423
132.021592,93,138.932758
128.00771,118,139.154186
129.0049,130,139.353931
131.005043,104,139.55684
128.026818,116,139.719703
129.010785,117,139.952775
-18.996912,71,140.06373
129.006411,114,140.22883
130.01532,133,140.41067
-19.0,46,140.545312
140.0,143,140.746148
130.005809,121,140.924979
130.003493,106,141.134414
131.001798,114,141.309299
-18.993121,62,141.405479
-19.0,52,141.483965
169.004128,128,141.652288
130.015973,103,141.925555
130.035193,113,142.086082
128.012083,111,142.243722
129.037801,107,142.391734
130.025794,109,142.616179
131.000493,115,142.792427
129.010062,87,142.915904
130.002516,110,143.137441
126.028289,106,143.305146
127.009054,109,143.456418
135.008491,105,143.601939
127.035971,112,143.824168
131.001241,125,144.04363
133.00228,117,144.207559
132.002355,111,144.422932
127.027793,114,144.593775
130.005617,119,144.767063
127.025138,114,144.925504
128.013217,115,145.172371
130.009004,97,145.327745
129.012408,98,145.466684
130.0,99,145.604431
133.000606,99,145.820731
131.004324,113,146.020896
130.04484,98,146.17036
-18.998958,46,146.240949
130.011629,148,146.506658
130.016607,115,146.681504
130.00349,116,146.847227
128.016928,121,147.076602
132.004581,115,147.263669
130.021481,121,147.435735
128.017842,128,147.617569
128.028185,104,147.829857
-18.993833,42,147.895406
-19.0,19,147.925184
132.026323,119,148.127527
130.006788,109,148.294026
130.002341,103,148.510054
126.010185,113,148.683556
132.005245,122,148.858062
131.004586,121,149.088606
-16.993494,112,149.267534
128.012939,144,149.465242
133.009544,117,149.688777
-18.990538,49,149.776871
101.0,1,149.778969
128.008451,117,149.959183
130.015072,110,150.121067
130.023599,112,150.314047
131.002082,110,150.540025
129.006825,121,150.722685
130.004431,127,150.902547
132.019964,114,151.130874
128.039005,166,151.370718
129.018021,155,151.586746
126.006393,135,151.86419
-18.999704,54,151.941823
-18.989857,15,151.966644
130.026015,105,152.113799
127.004013,117,152.34159
129.013934,115,152.553481
131.006139,118,152.722435
-18.985701,35,152.773937
127.020847,118,152.938166
131.010064,117,153.169656
128.011022,124,153.341105
134.015809,118,153.513404
128.014337,121,153.753934
-18.999769,69,153.867488
-18.981146,37,153.923676
129.010814,180,154.17067
129.002372,128,154.415717
-18.994518,43,154.487055
128.012399,100,154.622433
128.011497,122,154.837317
128.019737,110,155.060446
129.026452,146,155.276447
130.006342,117,155.438346
128.029141,115,155.660014
132.010069,97,155.802902
130.002994,152,156.020629
129.006228,123,156.256368
-18.991072,68,156.363319
-18.999747,34,156.420249
137.00773,115,156.578707
125.016645,117,156.73988
-18.989563,29,156.788745
-19.0,11,156.803422
101.0,1,156.805016
-18.980313,47,156.940793
-18.995772,45,157.018859
123.010894,153,157.256895
129.0,120,157.420837
-19.0,88,157.608208
129.009498,124,157.79568
-19.0,36,157.853687
126.014169,117,158.009898
127.023757,120,158.253966
-18.981075,75,158.376682
127.010814,118,158.543096
128.0,159,158.763258
128.000713,109,158.998817
129.028383,125,159.220128
129.008186,119,159.388153
130.017048,119,159.619139
-18.994258,66,159.731072
127.007894,139,159.926895
-18.979472,52,160.007988
128.001017,121,160.233474
131.000863,109,160.404366
127.000839,133,160.5914
129.004819,135,160.842391
127.0,118,161.026143
125.01213,126,161.199032
127.02376,126,161.415523
-18.996863,66,161.579864
129.000173,125,161.766749
129.003094,118,161.928757
129.005372,125,162.170228
130.0,114,162.347807
129.0,115,162.50719
128.003417,102,162.656927
129.0,111,162.888098
129.004632,166,163.132
129.009047,122,163.305132
128.006974,109,163.535039
129.021688,116,163.751112
-18.993034,29,163.794856
127.0,139,163.983433
131.010201,119,164.227645
-19.0,91,164.365471
129.002149,114,164.530466
131.0,121,164.702748
129.008991,117,164.95482
-18.997201,42,165.019848
135.003917,136,165.207525
128.008402,111,165.425454
128.014211,146,165.65076
129.000355,125,165.847066
